FECHA,NOMBRE_COMPLETO,IDIOMA,RANGO,TIEMPO_TRANSMISION,ESPECTADORES_PROMEDIO,TIEMPO_VISTA,VISTAS_GANADAS,SEGUIDORES,CATEGORIA_1
2022-09-01,미르다요 (mirdayo),Korean,Aficionado,156585,233,36511680,2510858,25011,PLAYERUNKNOWN
2022-09-01,alanzoka,Portuguese,Experto,106035,21517,2328239025,53496103,3857581,Call Of Duty: Modern Warfare
2022-09-01,sector_esports,Russian,Aficionado,10800,2162,22595790,1896197,16205,Counter-Strike: Global Offensive
2022-09-01,Alem4oR6,Portuguese,Novato,47280,317,15782385,550226,56240,Tom Clancy
2022-09-01,iskall85,English,Experto,15150,3972,59200425,1628066,379684,Minecraft
2022-09-01,paracetamor,Spanish,Avanzado,73545,336,26692440,1574660,144772,Minecraft
2022-09-01,Jayne,English,Experto,7860,1165,9284910,201375,191387,Overwatch
2022-09-01,Kaellyn,English,Avanzado,40395,553,20236695,2009703,83418,Just Chatting
2022-09-01,Likebutterlive,English,Avanzado,145215,127,19068135,280869,103637,Escape From Tarkov
2022-09-01,kandyrew,English,Avanzado,36105,554,20069550,474999,118361,Apex Legends
2022-09-02,cidcidoso,Portuguese,Experto,49305,2237,115691250,4993567,191387,Just Chatting
2022-09-02,GLL,English,Avanzado,8625,1179,10610775,1015050,98094,PLAYERUNKNOWN
2022-09-02,MariMind,Portuguese,Avanzado,89805,194,18179670,861742,64973,League of Legends
2022-09-02,StarLadder_pubg_ru,Russian,Avanzado,13650,1369,18286080,610298,84111,PLAYERUNKNOWN
2022-09-02,Forsalive,Russian,Novato,160035,65,11193435,288811,27115,Path of Exile
2022-09-02,SparcMac,English,Experto,134085,793,114596775,2272731,408162,Old School RuneScape
2022-09-02,WowChakra,Spanish,Novato,52485,573,31812525,6584141,29539,World of Warcraft
2022-09-02,Horcus,Spanish,Novato,86640,173,15498030,1427730,31374,Counter-Strike: Global Offensive
2022-09-02,DistantCoder,English,Aficionado,61725,320,20572305,308090,9604,Yu-Gi-Oh! Saikyo Card Battle
2022-09-02,AlinaRinRin,Russian,Avanzado,47535,932,46088895,3158419,123194,Just Chatting
2022-09-02,Schwedy,English,Aficionado,287610,56,16083015,182146,5406,Just Chatting
2022-09-03,dallasfancam,English,Aficionado,55425,190,12104610,2859031,2574,Sports
2022-09-03,DisguisedToast,English,Experto,9555,11442,136555215,2904200,1415901,Teamfight Tactics
2022-09-03,bysTaXx,Spanish,Experto,52200,6525,362279835,11406826,1166441,Counter-Strike: Global Offensive
2022-09-03,lucastabata,Portuguese,Aficionado,44130,247,11616105,206208,21363,FIFA 20
2022-09-03,isabaierle,Portuguese,Novato,46275,318,15691470,449131,40158,Grand Theft Auto V
2022-09-03,nenem_xd,Portuguese,Aficionado,41415,490,22620300,1184752,22098,Tibia
2022-09-03,Seals311,Portuguese,Avanzado,207405,511,99614850,2040119,110950,Just Chatting
2022-09-03,Elposhas_,Spanish,Aficionado,157755,96,18777525,4034966,23164,Garena Free Fire
2022-09-03,스테로이드_ (stero2d),Korean,Aficionado,150180,194,30353010,702453,8348,Path of Exile
2022-09-03,원정상 (swon5274),Korean,Avanzado,51615,244,12510555,649149,130367,Overwatch
2022-09-04,감블러 (9ambler),Korean,Avanzado,90165,1650,154025370,3678221,148093,League of Legends
2022-09-04,BoarControlHS,English,Avanzado,163020,1135,186105975,3147759,82720,Hearthstone
2022-09-04,cooterz,English,Aficionado,155235,62,10047105,354481,20339,World of Warcraft
2022-09-04,Gom4rt,French,Avanzado,93915,492,47044920,1367279,70228,PLAYERUNKNOWN
2022-09-04,TheLoyalPatriot,English,Avanzado,95025,233,22276530,288678,70277,DayZ
2022-09-04,wachinanii,Spanish,Novato,68175,384,27177060,772846,41652,Grand Theft Auto V
2022-09-04,rueven,English,Novato,79755,204,16900500,555374,40554,League of Legends
2022-09-04,SmallStreamersConnect,English,Avanzado,506490,17,9381615,820509,69129,Call Of Duty: Modern Warfare
2022-09-05,RedBull,English,Experto,24435,4204,124246035,9810358,243614,Age of Empires II: Definitive Edition
2022-09-05,JoltzDude139,English,Experto,57720,1428,83665080,1505575,276322,Borderlands 3
2022-09-05,BeastQT,Russian,Avanzado,181500,508,103676355,5722081,131137,Escape From Tarkov
2022-09-05,5fingershuffle,English,Aficionado,96810,95,10312680,148674,8901,Epic Seven
2022-09-05,SmallStreamersSupporter,English,Aficionado,380535,27,11381970,351917,22975,Just Chatting
2022-09-05,AnneMunition,English,Experto,97320,1559,157533930,9457560,627531,Tom Clancy
2022-09-05,NuxTaku,English,Avanzado,9120,1063,11408040,372691,140914,Just Chatting
2022-09-05,Jayce,English,Avanzado,99135,169,18643785,440763,66508,Grand Theft Auto V
2022-09-05,InternetHistorian,English,Avanzado,16605,679,13259370,357257,93908,Just Chatting
2022-09-05,zeki,Spanish,Avanzado,71610,271,22591905,919185,126880,Just Chatting
2022-09-05,cellinrj,Portuguese,Experto,116085,1637,196107675,4717701,265654,League of Legends
2022-09-06,dankus_memecus,English,Aficionado,64710,183,12400350,285815,9710,Hearts of Iron IV
2022-09-06,NoobNationTV,Russian,Aficionado,162375,132,22666290,568059,10544,Path of Exile
2022-09-06,Tablestory,English,Aficionado,41895,274,11516310,329423,17976,Dungeons & Dragons
2022-09-06,귀마개 (falgwang),Korean,Novato,125220,542,68964285,2324126,27707,World of Warcraft
2022-09-06,39daph,English,Experto,132180,4591,603302190,10556135,631591,Just Chatting
2022-09-06,lomaka,Russian,Novato,12615,959,9650280,630622,35060,Just Chatting
2022-09-06,hellhadestv,English,Aficionado,26340,523,13856985,259548,15958,Raid: Shadow Legends
2022-09-06,douglasgamerr,Portuguese,Aficionado,99060,103,10592085,725077,15649,FIFA 20
2022-09-06,GermanDota,German,Novato,77505,172,14278440,642517,32849,Dota 2
2022-09-06,Tooshi,English,Avanzado,103275,105,12681240,202028,120684,Stardew Valley
2022-09-06,siimssyy,English,Aficionado,62370,157,10355100,113085,12821,Call of Duty: Black Ops 4
2022-09-06,FACEIT TV (faceittv),English,Experto,27030,10693,236822775,15380314,1673297,Counter-Strike: Global Offensive
2022-09-07,xSHUMBAx,English,Aficionado,150600,76,12613650,196776,24547,Sea of Thieves
2022-09-07,KBradJStorm,English,Novato,95760,140,11906025,531009,30523,Call Of Duty: Modern Warfare
2022-09-07,Doutora,Portuguese,Novato,367335,227,92322435,8211399,48837,Fortnite
2022-09-07,ManaProd,French,Novato,55440,527,31659585,608580,32225,Summoners War: Sky Arena
2022-09-07,DarkozTV,Spanish,Novato,85740,101,9597015,439766,44337,World of Warcraft
2022-09-07,NeZaK_,Italian,Experto,142305,1546,232045005,3445962,279714,Fortnite
2022-09-07,Rogue,English,Experto,138795,1515,216089820,3368728,199873,Apex Legends
2022-09-07,BlackUFA,Russian,Experto,88875,4024,359508840,14104568,290370,Just Chatting
2022-09-07,JCbackfire,English,Novato,52620,208,11886450,181046,49440,Just Chatting
2022-09-08,Cringer,English,Novato,161865,433,70762095,890743,33959,RimWorld
2022-09-08,LordJamesDelaney,English,Aficionado,143700,127,23700045,368545,8044,Hunt: Showdown
2022-09-08,TomFawkes,English,Novato,32820,381,13427340,254677,58899,Persona 5: The Royal
2022-09-08,Yoona,French,Avanzado,85650,315,28275030,773982,109149,Call Of Duty: Modern Warfare
2022-09-08,SrAmilcar,Spanish,Novato,12465,862,10824840,264637,58910,Just Chatting
2022-09-08,TheBigGreekSchach,German,Novato,20115,687,12094530,346922,33242,Chess
2022-09-08,Krystalogy,English,Novato,75180,159,12616740,238889,55749,Just Chatting
2022-09-08,TrulyTenzin,English,Aficionado,81870,133,11784990,407582,21219,League of Legends
2022-09-09,YoMax,French,Experto,51465,2154,121223955,1655995,290515,FIFA 20
2022-09-09,쨔니1 (zzanicoya),Korean,Aficionado,89295,101,8859945,569597,11817,Just Chatting
2022-09-09,Wanderbot,English,Novato,143790,177,25487145,422567,46216,Hades
2022-09-09,rioluTM,English,Novato,83475,424,37511085,762682,28032,TrackMania 2: Stadium
2022-09-09,BeBePtv,Russian,Novato,107745,1954,217502130,91323354,57420,Dota 2
2022-09-09,TheDanDangler,English,Novato,55185,285,17553885,784705,43719,Call Of Duty: Modern Warfare
2022-09-09,표은지 (djhenney),English,Avanzado,13245,1034,14634840,1448812,91010,Just Chatting
2022-09-09,AdlerssonPictures,German,Avanzado,31500,501,15565290,430088,107475,Call Of Duty: Modern Warfare
2022-09-09,뉴띵 (newthingtv),Korean,Aficionado,135060,146,20764230,767839,7251,World of Warcraft
2022-09-09,DisguisedToast,English,Experto,9555,11442,136555215,2904200,1415901,Teamfight Tactics
2022-09-10,Robbaz,English,Experto,86760,1470,129669915,5325311,230393,Escape From Tarkov
2022-09-10,BobRoss,English,Experto,238200,2144,549417390,7069134,1558955,Art
2022-09-10,김반희 (bonnysurang),Korean,Novato,88170,365,32860470,2159477,44854,Just Chatting
2022-09-10,relyo_sti,English,Aficionado,142890,99,15829290,21716,1017,Apex Legends
2022-09-10,deokssz,English,Aficionado,5070,4412,10550850,1415449,7937,Unlisted on Twitch
2022-09-10,MartinJensenTV,English,Novato,5490,5326,46424775,5034608,42447,Music
2022-09-11,idreau_,French,Aficionado,29010,423,11581950,258139,23519,iRacing
2022-09-11,Dye_Live,French,Novato,118050,298,35996580,776453,40715,League of Legends
2022-09-11,bitcoinwithdoge,English,Aficionado,160005,151,25063455,46181,1986,Slots
2022-09-11,ThunderMediaTV,English,Novato,13785,1203,16023000,1290646,37863,Counter-Strike: Global Offensive
2022-09-11,Ninten,English,Aficionado,115065,115,14647770,155332,10008,Kingdom Hearts HD 1.5 + 2.5 ReMIX
2022-09-11,Akariss,English,Aficionado,47040,313,14777985,220627,11958,Fire Emblem Heroes
2022-09-11,MegTurney,English,Avanzado,29070,387,12565785,668481,110864,Dead by Daylight
2022-09-11,Sharishaxd,Russian,Experto,15450,2418,37830420,8786300,739764,Just Chatting
2022-09-12,Sceptic,English,Experto,52740,690,37730730,2395858,686030,Fortnite
2022-09-12,HumilityFR,French,Avanzado,45285,1045,56487675,1364748,117736,Dofus
2022-09-12,pescocofino,Portuguese,Experto,121050,780,85404765,2768637,274061,Just Chatting
2022-09-12,RubberNinja,English,Experto,73320,857,64274775,1175508,249585,Super Mario Maker 2
2022-09-12,bmkibler,English,Experto,109500,2057,237219075,4779636,474725,Hearthstone
2022-09-12,TwitchKR,Korean,Avanzado,5175,5124,32597895,5373717,80539,League of Legends
2022-09-12,btscsgo,English,Experto,57165,6530,357966315,9173781,219539,Counter-Strike: Global Offensive
2022-09-12,ProfessorAkali,English,Avanzado,29910,660,19520400,671192,118069,League of Legends
2022-09-12,MYM_ALKAPONE,Spanish,Experto,105510,6645,716666445,9804347,810355,Just Chatting
2022-09-12,matiasmarini,Spanish,Aficionado,43125,218,9647970,160255,18942,FIFA 20
2022-09-12,Papaplatte,German,Experto,115290,9633,1135320630,23684348,951447,Just Chatting
2022-09-13,roboolol,Portuguese,Avanzado,20790,2133,46352805,1556901,141978,League of Legends
2022-09-13,riserise,Russian,Aficionado,62865,140,9161415,360703,8746,Dota 2
2022-09-13,dhtekkz,English,Experto,21945,2208,51831270,1530289,251775,FIFA 20
2022-09-13,esl_asia,English,Aficionado,11790,1922,19779450,1019008,18076,Dota 2
2022-09-13,lolpacific,English,Aficionado,21285,897,20867745,1009803,10324,League of Legends
2022-09-13,DalasReview,Spanish,Experto,33600,2104,74573670,2339821,570542,Minecraft
2022-09-13,Flight23white,English,Experto,23190,11269,263429115,2663752,1066294,NBA 2K20
2022-09-13,diegoplay10s,Spanish,Novato,37965,242,9189765,142080,27798,Garena Free Fire
2022-09-13,Dizeliun,English,Novato,57525,262,16169115,38063,52361,Cuisine Royale
2022-09-13,GoToCent,English,Aficionado,15990,989,15917625,502655,5720,Unlisted on Twitch
2022-09-13,AladdinTV,German,Avanzado,136425,1346,186850290,4196779,111256,Grand Theft Auto V
2022-09-14,TSM_Viss,English,Experto,108015,2301,251902320,5904376,767073,Apex Legends
2022-09-14,JackShepardTwitch,Russian,Avanzado,66120,290,19696320,1746109,87836,The Last of Us Part II
2022-09-14,코시님 (bjshaco),Korean,Avanzado,85020,186,16779735,649550,97928,League of Legends
2022-09-14,JavifC,Spanish,Aficionado,119835,94,12049830,289321,7980,Black Desert Online
2022-09-14,CallMeCarsonLIVE,English,Experto,13575,9381,131513025,4149622,1251453,Just Chatting
2022-09-14,DayoScript,Spanish,Avanzado,31215,581,18591600,846861,121947,Just Chatting
2022-09-14,staycationtg,English,Avanzado,72990,616,45828795,538843,100676,Apex Legends
2022-09-15,VanderForge,English,Novato,98010,142,14666700,406702,35342,Borderlands 3
2022-09-15,Spursito,Spanish,Experto,18270,1259,25122525,795506,232784,FIFA 20
2022-09-15,hashtag_shawrey,English,Novato,19125,628,13207740,173766,36130,FIFA 20
2022-09-15,R9Rai,English,Avanzado,71580,652,50276220,698332,77920,FIFA 20
2022-09-15,xj0nathan,French,Aficionado,115680,135,16182390,226030,14343,Call Of Duty: Modern Warfare
2022-09-15,매드라이프_ (lol_madlife),Korean,Experto,84435,946,83503785,4649093,253029,League of Legends
2022-09-15,ParadoxInteractive,English,Experto,25875,581,23262660,1283053,157360,Europa Universalis IV
2022-09-15,sweetdreams,English,Avanzado,39525,1067,50046960,809139,74114,Apex Legends
2022-09-15,randyladyman,English,Novato,76770,132,10425645,259517,51252,Guitar Hero III: Legends of Rock
2022-09-15,DavilinTV,Spanish,Aficionado,37200,283,11206935,506550,25261,Grand Theft Auto V
2022-09-15,Slimecicle,English,Experto,13320,1963,26791185,840536,305305,Among Us
2022-09-15,Maniac,French,Novato,8730,740,8922105,549172,48023,VALORANT
2022-09-16,Letshe,English,Experto,88155,3770,378068100,15048960,1085972,Fortnite
2022-09-16,Noizen,Russian,Aficionado,142605,211,31896390,2863236,14640,Heroes of the Storm
2022-09-16,Yozhyk,Russian,Avanzado,31080,946,31452105,930621,121828,FIFA 20
2022-09-16,Doublelift,English,Experto,14550,12326,188347050,4932351,1396461,League of Legends
2022-09-16,플레임__ (flamekr),Korean,Novato,10170,2084,22299750,922945,55228,League of Legends
2022-09-16,Snoxh,German,Avanzado,31290,641,21203520,427608,112207,Fortnite
2022-09-16,thegame966,Italian,Novato,121335,157,20624325,672292,27450,League of Legends
2022-09-17,xSHUMBAx,English,Aficionado,150600,76,12613650,196776,24547,Sea of Thieves
2022-09-17,Seansstream,German,Novato,187065,154,31262430,2487702,34182,Call Of Duty: Modern Warfare
2022-09-17,ErickKhanTV,English,Avanzado,41745,699,29797695,446420,115154,Call Of Duty: Modern Warfare
2022-09-17,Nikatine,English,Aficionado,77925,191,15361545,1653777,22000,Grand Theft Auto V
2022-09-17,ACdeFifa,Spanish,Novato,81540,171,14128230,216764,31672,FIFA 20
2022-09-17,ryukahr,English,Experto,39660,1331,56815185,1425323,177436,Super Mario Maker 2
2022-09-17,Donyyy,Spanish,Novato,42960,428,18560430,345789,45196,Grand Theft Auto V
2022-09-17,리포포 (chicchakunaiyo),Korean,Novato,83475,333,27376470,1203283,44344,Just Chatting
2022-09-17,zwebackhd,English,Experto,44415,1203,57883575,639382,191511,FIFA 20
2022-09-17,MrSavage,English,Experto,30390,6925,235092945,9582922,1814646,Fortnite
2022-09-17,Alienigena404,Portuguese,Novato,139185,94,17653095,964852,31647,Conan Exiles
2022-09-17,SOFILEIN,English,Novato,37185,306,11647740,1561585,43705,World of Tanks
2022-09-18,Chess,English,Experto,94155,6567,571926360,83136633,354949,Chess
2022-09-18,OverBoredGaming,English,Novato,220500,121,26791545,2587215,31935,Epic Seven
2022-09-18,JERZNetwork,English,Aficionado,67995,176,13979280,167016,19850,MLB The Show 20
2022-09-18,simonhoneydew,English,Novato,37095,739,28348500,412543,46381,Animal Crossing: New Horizons
2022-09-18,SleepingBear,English,Novato,126015,110,14265135,246087,26768,Overwatch
2022-09-18,Etup,English,Novato,179100,141,26172945,361453,55852,Warhammer Online: Age of Reckoning
2022-09-19,공룡_ (rulrudino),Korean,Avanzado,14820,674,10865730,228530,79709,Just Chatting
2022-09-19,valerie_rayne,Russian,Aficionado,115575,178,19791945,766051,15262,Heroes of Might and Magic III: The Shadow of Death
2022-09-19,TWDUniverse,English,Aficionado,3210,6691,23172120,6850183,11516,Just Chatting
2022-09-19,Classic_Christinee,English,Novato,73995,140,10948620,302488,33078,Just Chatting
2022-09-19,Veronesiii,Portuguese,Aficionado,44115,412,20916315,383511,25019,Grand Theft Auto V
2022-09-19,liawaifu,English,Novato,78270,108,9575685,445086,46830,League of Legends
2022-09-19,마골 (achon1004),Korean,Aficionado,129390,163,22307790,429729,7804,Path of Exile
2022-09-19,CarbonRH,French,Avanzado,38010,242,10344525,343120,139050,League of Legends
2022-09-20,foxdrop,English,Avanzado,37815,255,10205595,243464,138597,League of Legends
2022-09-20,Ceice,English,Experto,53580,257,16959450,946628,158941,Fortnite
2022-09-20,BenS_MTG,English,Novato,33870,1052,36493920,480624,33489,Magic: The Gathering
2022-09-20,DunkOrSlam,English,Aficionado,149910,85,13296225,99769,3558,Noita
2022-09-20,AtheneLIVE,English,Experto,13140,694,9167175,285433,209533,Just Chatting
2022-09-20,연초봄 (yeonchobom),Korean,Avanzado,20610,548,11907675,605570,62070,Just Chatting
2022-09-21,dazrbn,Spanish,Experto,57165,853,50822790,1326350,153284,Minecraft
2022-09-21,Arcadum,English,Experto,142065,1593,240160680,3522778,154454,Dungeons & Dragons
2022-09-21,asmr_kotya,English,Avanzado,33150,423,13255905,1006462,117498,ASMR
2022-09-21,Whaazz,English,Avanzado,46215,1539,71802210,2473905,101347,World of Warcraft
2022-09-21,maxim,German,Experto,81750,3099,263255085,5850305,326502,Teamfight Tactics
2022-09-21,HALtv,Italian,Avanzado,115545,583,71281695,1487901,100134,Apex Legends
2022-09-22,Amanderz,English,Aficionado,36495,350,15049515,443989,21451,Just Chatting
2022-09-22,MitchJones,English,Experto,30210,3394,109805595,2260890,492933,World of Warcraft
2022-09-22,BigJon,English,Avanzado,103020,380,48628695,3596193,112399,The Legend of Zelda: A Link to the Past
2022-09-22,셀옹 (junes82),Korean,Aficionado,80505,188,18097365,386780,12483,Romance of the Three Kingdoms XIV
2022-09-22,Regalia,English,Aficionado,74895,116,9428880,169174,12505,Overwatch
2022-09-23,GoaGilDigitalDarshan,English,Aficionado,9885,847,15608220,174432,19758,Music
2022-09-23,가재맨입니다 (subsub1006),Korean,Novato,40110,416,16808670,395948,28727,League of Legends
2022-09-23,ElOjoNinja,Spanish,Experto,86955,1726,167109540,6328924,305093,League of Legends
2022-09-23,Llobeti4,Spanish,Experto,115320,4478,525943125,13296707,840871,Fortnite
2022-09-23,Pepper,German,Avanzado,42495,239,10782615,404675,86390,Fortnite
2022-09-23,Squillakilla,English,Avanzado,87930,818,71629035,1351172,140871,Dark Souls III
2022-09-23,Nemz38,English,Novato,14640,1170,17217240,375182,56695,Dark Souls III
2022-09-24,artcsgo,Portuguese,Avanzado,9660,1399,13447875,557195,85314,Counter-Strike: Global Offensive
2022-09-24,Andarilhoo,Portuguese,Avanzado,79215,360,28650420,1245793,87478,SCUM
2022-09-24,ChillhopMusic,English,Aficionado,512490,26,14054940,131948,17653,Music
2022-09-24,dereknlmb,English,Avanzado,77220,332,26650620,435761,83669,Fortnite
2022-09-24,TarmacBE,French,Aficionado,98430,104,9595680,1903695,20504,League of Legends
2022-09-24,Phyzikk,French,Avanzado,48645,435,22404825,287040,66706,Call Of Duty: Modern Warfare
2022-09-24,곰캐스트 (pdgom),Korean,Aficionado,88875,137,12517500,393200,5937,World of Warcraft
2022-09-24,GAECHKATM,Russian,Avanzado,44220,1153,37811100,2437561,128643,Just Chatting
2022-09-24,연초봄 (yeonchobom),Korean,Avanzado,20610,548,11907675,605570,62070,Just Chatting
2022-09-25,JaggerPrincesa,Spanish,Novato,18720,445,9161565,411739,56756,Just Chatting
2022-09-25,TheDevilDogGamer,English,Experto,76860,763,122155155,851138,230892,Escape From Tarkov
2022-09-25,dogdog,English,Experto,104505,5637,606859140,12750103,598106,Hearthstone
2022-09-25,서농_ (snsn__),Korean,Novato,87810,201,18465270,328833,30904,Just Chatting
2022-09-25,miikag_,Portuguese,Aficionado,34320,284,9606000,118652,24437,Grand Theft Auto V
2022-09-25,BenZaie,French,Experto,39120,1028,40854930,1706487,193770,Final Fantasy VII Remake
2022-09-25,리크리에이터 (rogoer),Korean,Aficionado,90120,305,27277755,536123,6182,Princess Connect! Re:Dive
2022-09-25,Veronesiii,Portuguese,Aficionado,44115,412,20916315,383511,25019,Grand Theft Auto V
2022-09-25,쥬짱_ (zoozzang),Korean,Novato,67125,273,15016245,1020309,36735,Just Chatting
2022-09-25,PAX,English,Avanzado,18075,794,11337540,1128513,111617,Special Events
2022-09-25,공룡_ (rulrudino),Korean,Avanzado,14820,674,10865730,228530,79709,Just Chatting
2022-09-25,Ninja614,English,Novato,82125,331,29566515,913541,33212,The Elder Scrolls Online
2022-09-26,순이__ (tkdtn307),Korean,Novato,47160,1007,47783925,1016012,30437,Hearthstone
2022-09-26,stormen,English,Experto,91080,849,78107160,2308321,363365,Apex Legends
2022-09-26,feefa_,Portuguese,Avanzado,86895,130,12111900,504690,91447,League of Legends
2022-09-26,Robfortes,Portuguese,Avanzado,65715,585,39483945,341990,69561,FIFA 20
2022-09-26,theuzikat,Portuguese,Aficionado,32070,309,10202025,457557,11454,Tibia
2022-09-26,CRIIIZUX,Spanish,Novato,34365,252,11585205,467262,51799,Fortnite
2022-09-26,FenoHS,English,Novato,89475,618,58728240,1227682,47537,Hearthstone
2022-09-27,TruthMusic,English,Novato,293145,81,23084850,527552,29912,Music
2022-09-27,Danytlaw,English,Aficionado,61980,185,11186010,403434,5000,Magic: The Gathering
2022-09-27,rztlive,Portuguese,Aficionado,105225,120,14736270,493353,8643,Fortnite
2022-09-27,sigul_universe,Russian,Aficionado,54210,191,12402810,1444450,5945,Dota 2
2022-09-27,deviiiiiiiiii,English,Novato,41370,196,9173295,194537,35236,Apex Legends
2022-09-28,UIM_Verf,English,Novato,71790,168,12354705,308437,25529,Old School RuneScape
2022-09-28,brodie,English,Novato,101010,348,36465960,2027601,55305,Just Chatting
2022-09-28,CastCrafter,German,Avanzado,39105,264,11131215,259923,71994,Minecraft
2022-09-28,Ginyin,Spanish,Novato,91770,444,46745580,4821700,41244,League of Legends
2022-09-28,Byzic,English,Avanzado,52185,488,26061285,653367,107784,Fortnite
2022-09-28,reyozftn,French,Avanzado,35865,499,17452545,346531,100596,Fortnite
2022-09-29,M1NDR,English,Avanzado,86430,234,21411750,460433,86581,DayZ
2022-09-29,Deepshades,English,Novato,39765,356,13088625,547744,56210,World of Warcraft
2022-09-29,RunningMan,English,Aficionado,132735,111,15494610,175730,16792,Dead by Daylight
2022-09-29,Dirty,English,Avanzado,76785,149,12681120,232235,134121,Call Of Duty: Modern Warfare
2022-09-29,Machete_Vilches,Spanish,Avanzado,56595,323,18048930,277085,63239,Fortnite
2022-09-29,Ziqoftw,English,Experto,82875,1097,95706240,3004021,201693,World of Warcraft
2022-09-30,LOST,German,Avanzado,75270,912,71784810,2098273,142475,Call Of Duty: Modern Warfare
2022-09-30,S00Dl,Russian,Aficionado,106545,313,36054180,1170997,16477,Dota 2
2022-09-30,Libe,French,Avanzado,27585,688,21411255,612031,94063,Minecraft
2022-09-30,Woodszin,Portuguese,Avanzado,22965,389,10367460,441284,138597,Just Chatting
2022-09-30,oKINGBR,Portuguese,Experto,80025,1632,140732775,4526208,327524,Fortnite
2022-09-30,Moondye7,German,Experto,99720,2642,278021010,6184735,309951,Escape From Tarkov
2022-09-30,CarritosKami,Spanish,Experto,105240,1635,156619035,6679665,166547,League of Legends
2022-10-01,Scarface,German,Novato,34170,320,10208550,310252,53835,League of Legends
2022-10-01,SweetChinMusig8,Italian,Aficionado,58935,176,11109630,631695,15321,NBA 2K20
2022-10-01,Corobizar,French,Experto,78165,1806,146382810,4160119,280927,League of Legends
2022-10-01,ItsSky,English,Experto,83445,529,45948885,1957190,224133,Fortnite
2022-10-01,daltoosh,English,Experto,157350,2252,357200865,4260134,268903,Apex Legends
2022-10-01,GamesDoneQuick,English,Experto,88905,7953,2071889070,48902643,1752109,Unlisted on Twitch
2022-10-02,synthwavebeats,English,Aficionado,216750,98,21501675,37677,3639,Music
2022-10-02,Unorthodogg,English,Aficionado,59985,261,19255095,197780,10808,Don
2022-10-02,ImTedious,English,Aficionado,69330,134,10068000,176813,10320,Old School RuneScape
2022-10-02,HealthyGamer_GG,English,Experto,19995,6205,134093775,3307726,390246,Just Chatting
2022-10-02,FelipeMojave,Portuguese,Aficionado,61095,307,19488840,2215310,19233,Poker
2022-10-02,CRACKHEBER,Spanish,Aficionado,52455,248,14048955,164831,20661,FIFA 20
2022-10-03,AutolykusLoL,English,Aficionado,124740,169,20837205,78618,14025,League of Legends
2022-10-03,LowkoTV,English,Avanzado,103680,517,54170745,1596280,141121,StarCraft II
2022-10-03,TopGamersAcademy,Spanish,Experto,20745,2674,84779145,3825426,266044,Just Chatting
2022-10-03,keznit1,Spanish,Aficionado,43335,236,11333355,517020,21082,Counter-Strike: Global Offensive
2022-10-03,Paxelol,Spanish,Novato,13545,889,13203510,219584,28439,World of Warcraft
2022-10-03,AzoX360,French,Avanzado,93825,242,32134020,988530,72587,VALORANT
2022-10-03,AZ_Axe,English,Avanzado,43515,274,12151950,275810,69475,Super Smash Bros. Melee
2022-10-03,Alex007SC2,Russian,Aficionado,7410,1403,12381315,412856,18158,StarCraft II
2022-10-03,Aplfisher,English,Avanzado,89955,198,18049755,321587,89534,Just Chatting
2022-10-03,imZANETTI,Portuguese,Aficionado,91200,111,10798740,881162,10866,Dead by Daylight
2022-10-04,CasalDeNerd,Portuguese,Avanzado,20325,587,12349875,281553,79564,Just Chatting
2022-10-04,IPantsTV,Italian,Avanzado,12600,1313,16691205,755023,99248,Just Chatting
2022-10-04,itzu_gaming,German,Novato,16950,622,11076195,205539,35570,Clash of Clans
2022-10-04,TheGuill84,French,Experto,53940,2103,117189135,2340429,152931,Minecraft
2022-10-04,Panduh,English,Avanzado,107640,616,71563095,1286692,79197,Destiny 2
2022-10-04,단장002 (dxj002),Korean,Aficionado,50280,211,12478830,675342,21713,Just Chatting
2022-10-04,Dukeofanukes,English,Novato,121335,107,15550755,181732,40777,Fortnite
2022-10-04,그롬헬스클럽 (pkrgrom),Korean,Aficionado,72795,125,9315120,238167,6054,Total War: Warhammer II
2022-10-04,Blizzard,English,Experto,120,193645,23237400,546837,374678,Special Events
2022-10-04,Vda_pedro,Portuguese,Aficionado,104190,133,15626145,710049,19556,Tibia
2022-10-04,PointCrow,English,Avanzado,61485,935,57823665,1050058,109815,The Legend of Zelda: Breath of the Wild
2022-10-05,DanGoms,Portuguese,Novato,81060,121,11145405,556693,31019,Fortnite
2022-10-05,Kerios,Spanish,Avanzado,74865,592,45497760,1365171,116442,League of Legends
2022-10-05,jesallieendeman,English,Aficionado,21795,319,11193780,1982,3416,Fortnite
2022-10-05,Thesterge,English,Novato,93735,321,31359990,893319,37996,World of Warcraft
2022-10-05,BTSBrasilFPS,Portuguese,Experto,107400,737,159846285,4530075,175942,Counter-Strike: Global Offensive
2022-10-05,Aipha,English,Novato,89625,63,9264825,233606,57331,Among Us
2022-10-06,Eversax,French,Aficionado,63720,236,15697680,277914,18398,Rocket League
2022-10-06,Redshell,English,Avanzado,135150,472,63899115,1134759,106820,Overwatch
2022-10-06,Walid,French,Experto,105570,2249,235312635,4644983,290845,Grand Theft Auto V
2022-10-06,satisfyingmusic,English,Aficionado,62550,260,17965605,1049219,3164,Just Chatting
2022-10-06,berg2,Portuguese,Novato,18990,475,9643530,316971,45337,League of Legends
2022-10-06,GrinningGoat,English,Novato,65745,215,15957840,171562,51245,Hearthstone
2022-10-06,FireDragon,English,Experto,150540,833,136157940,3531378,180551,Animal Crossing: New Horizons
2022-10-06,Selly55,Korean,Novato,68025,384,23086065,1161560,46740,Apex Legends
2022-10-07,Th3Antonio,Spanish,Experto,73410,2485,206978400,6201685,244320,League of Legends
2022-10-07,jpmmmv,Portuguese,Novato,20475,440,9232125,267951,38768,Grand Theft Auto V
2022-10-07,luxxbunny,English,Experto,76200,269,23135910,994274,173731,League of Legends
2022-10-07,Friskk,English,Novato,83265,154,12758595,961164,34429,Dead by Daylight
2022-10-07,lathyrustv,English,Aficionado,120330,116,15360720,537879,12742,League of Legends
2022-10-07,Melo,Spanish,Novato,19935,443,10084650,208546,34994,Animal Crossing: New Horizons
2022-10-07,TianKami,Russian,Experto,174780,304,55246980,4431170,159520,Legends of Runeterra
2022-10-07,iddqd,English,Experto,90795,1038,98734575,1900214,341977,Overwatch
2022-10-07,supertf,English,Experto,97110,2901,289720365,4272065,225423,Overwatch
2022-10-07,서새봄냥 (saddummy),Korean,Experto,184335,6380,1197287310,30650033,592032,Just Chatting
2022-10-07,sdrumox,Italian,Novato,10065,1230,13986255,377031,58897,Just Chatting
2022-10-08,WowChakra,Spanish,Novato,52485,573,31812525,6584141,29539,World of Warcraft
2022-10-08,RuneScape,English,Experto,5610,3359,18631650,653203,231281,RuneScape
2022-10-08,MYM_ALKAPONE,Spanish,Experto,105510,6645,716666445,9804347,810355,Just Chatting
2022-10-08,SINXPLAYSBR,Portuguese,Avanzado,97815,325,33579285,524289,83292,Just Chatting
2022-10-08,Zalae,English,Experto,95850,1185,118620150,1603049,170444,Hearthstone
2022-10-08,NebelNiek,German,Experto,75465,1066,79904190,2671407,195083,Just Chatting
2022-10-08,purpledjo,French,Avanzado,128160,107,14226270,209165,140847,Fortnite
2022-10-08,ESL,English,Experto,14895,983,11270805,967712,161564,StarCraft II
2022-10-08,lKennyKent,Spanish,Novato,63390,150,10732155,103732,27971,Gears 5
2022-10-09,CyberLiveArena1,English,Aficionado,286305,245,78473520,24318386,12223,FIFA 20
2022-10-09,여름이0908 (qufakwdywjd),Korean,Aficionado,160260,96,16784790,577026,14994,Just Chatting
2022-10-09,WisternJL,English,Aficionado,95130,130,13098300,330830,7997,Poker
2022-10-09,RelaxBeats,English,Experto,519570,227,118640445,1136744,176798,Music
2022-10-09,Tattti_,Spanish,Experto,4935,2017,9550920,459840,162724,Just Chatting
2022-10-09,Gona89,Spanish,Experto,41130,1069,46564320,1742260,203230,Minecraft
2022-10-09,RealMKTomBrady,English,Novato,74340,115,10065300,207175,40773,Mortal Kombat 11
2022-10-09,jenntacles,English,Novato,69720,409,38121540,589337,26381,Escape From Tarkov
2022-10-09,BatulinS,Russian,Novato,70365,257,18469620,1026709,49742,PLAYERUNKNOWN
2022-10-10,Emero,German,Novato,60105,164,9976425,399075,46628,League of Legends
2022-10-10,후즈 (queenhuz),Korean,Avanzado,82500,372,32128200,1369255,84649,Just Chatting
2022-10-10,dafran,English,Experto,81870,4506,371371440,7185795,600931,Overwatch
2022-10-10,Teddy_RecKs,English,Avanzado,134775,213,30125355,483209,97896,Call Of Duty: Modern Warfare
2022-10-10,한국프로야구5 (kbo5),Korean,Novato,18705,2461,46973220,2457585,33949,Korean Baseball League
2022-10-10,mxmfps,Portuguese,Aficionado,215835,74,15932685,846218,10700,VALORANT
2022-10-10,ninasc2,English,Novato,109740,185,21192900,534561,36124,StarCraft II
2022-10-10,jamclub,Russian,Avanzado,92430,850,71855385,4163448,100535,Just Chatting
2022-10-10,Faith,English,Experto,24045,459,10757430,753623,157243,Just Chatting
2022-10-10,V0oid,English,Aficionado,100155,141,14296710,223591,15746,Donkey Kong Country 2: Diddy
2022-10-10,ElvisaYomastercard,Spanish,Novato,39885,258,10057995,390756,53526,Minecraft
2022-10-11,Lord_Kebun,English,Experto,150630,11794,1838165655,18751266,446516,Grand Theft Auto V
2022-10-11,HugoDecrypte,French,Avanzado,10440,1961,23154330,1639002,97224,Just Chatting
2022-10-11,Garryschool,French,Experto,21150,956,20828760,396075,262280,Garry
2022-10-11,F1NN5TER,English,Avanzado,14610,1509,19642590,681085,126417,Just Chatting
2022-10-11,JimmyJoker,Italian,Aficionado,119505,78,9356265,165058,20156,Dead by Daylight
2022-10-11,Serg_HeavyBeard,Russian,Novato,108045,130,14221125,333083,51033,Hearthstone
2022-10-12,Poko,French,Avanzado,41055,1027,43856850,1009938,112742,Overwatch
2022-10-12,red_machine777,Russian,Aficionado,3330,2752,10664085,1272659,18428,Dota 2
2022-10-12,hexy,English,Experto,87330,2265,195061485,3202231,349514,Dead by Daylight
2022-10-12,Laski,English,Avanzado,136755,549,73454565,2040619,145565,VALORANT
2022-10-12,DingDongVG,English,Avanzado,25080,492,11502675,189749,71577,Just Chatting
2022-10-12,AfterOfficeTTV,Spanish,Aficionado,82365,199,17915040,280230,5169,Magic: The Gathering
2022-10-12,Sev7n,Portuguese,Experto,269400,761,218484720,9248525,485235,Fall Guys: Ultimate Knockout
2022-10-13,dududuelista,Portuguese,Novato,151560,204,29712435,1079519,54386,League of Legends
2022-10-13,esl_99damage,German,Avanzado,60810,1129,71622930,2246512,141671,Counter-Strike: Global Offensive
2022-10-13,Nathanias,English,Avanzado,84915,138,11804730,309177,77275,StarCraft II
2022-10-13,Zanananan,English,Aficionado,28155,326,10301055,193670,9362,Hearthstone
2022-10-13,PITTY,Portuguese,Novato,7275,1900,14798145,2951562,57438,Music
2022-10-13,Jiozi,Italian,Avanzado,109980,245,29513700,2208685,76073,Fortnite
2022-10-13,dota2mc_ru3,Russian,Novato,11955,4476,56643525,4196970,57943,Dota 2
2022-10-13,Makilandia,Portuguese,Aficionado,108630,100,12244590,188120,18337,League of Legends
2022-10-13,BigSpinCR,German,Experto,95385,1816,177986235,3664851,194725,Clash Royale
2022-10-14,Punz,English,Experto,44100,815,55297650,1023764,178639,Minecraft
2022-10-14,hurma,Russian,Avanzado,47700,708,41535270,3845765,143173,Fortnite
2022-10-14,NeZaK_,Italian,Experto,142305,1546,232045005,3445962,279714,Fortnite
2022-10-14,ChannelFireball,English,Avanzado,66855,925,55391325,1150266,69514,Magic: The Gathering
2022-10-14,Khanada_,English,Experto,50490,2332,121382400,5784962,438015,Fortnite
2022-10-14,Alinity,English,Experto,89715,2464,219872505,13593542,1274265,Just Chatting
2022-10-14,LookinPlay,Russian,Novato,54015,277,15611625,1282951,56625,Animal Crossing: New Horizons
2022-10-14,FatherSonGaming,English,Experto,45555,605,32348670,340009,258403,Call Of Duty: Modern Warfare
2022-10-15,ESPN1000Chicago,English,Aficionado,85185,102,10720050,123974,5575,Talk Shows & Podcasts
2022-10-15,serega_pirat,Russian,Avanzado,45660,886,41359140,2161147,74684,Dota 2
2022-10-15,xc3jo,Spanish,Experto,82065,545,51341745,1442468,218887,Fortnite
2022-10-15,bebe872,English,Avanzado,224655,968,201341790,2258433,73011,Teamfight Tactics
2022-10-15,sigul_universe,Russian,Aficionado,54210,191,12402810,1444450,5945,Dota 2
2022-10-15,DonaSpock,German,Avanzado,39270,310,12779760,1663232,92586,Counter-Strike: Global Offensive
2022-10-15,H2211Games,English,Aficionado,60810,133,9250215,122694,5770,Teamfight Tactics
2022-10-15,imfrosk,English,Novato,9615,1134,10457910,324428,37915,League of Legends
2022-10-15,Subroza,English,Avanzado,28875,1157,33124845,1265986,117400,VALORANT
2022-10-15,gunschilli,English,Novato,44580,212,10213365,218199,37059,Old School RuneScape
2022-10-15,Rogerbrown,English,Avanzado,56370,517,30928560,1094201,87185,World of Warcraft
2022-10-16,SackziTV,French,Experto,104895,1113,120268170,1817552,270010,Call Of Duty: Modern Warfare
2022-10-16,Foch0,Spanish,Novato,90180,320,30397545,970847,41109,League of Legends
2022-10-16,Ampeterby7,Spanish,Experto,27480,9301,254852265,6513197,1194476,Fortnite
2022-10-16,100attacktv,Portuguese,Experto,136425,840,107061105,20005520,175107,Garena Free Fire
2022-10-16,Jelly_Bree,English,Avanzado,98640,89,8845185,449134,81748,Just Chatting
2022-10-16,이찌노 (leejinho4028),Korean,Aficionado,95925,194,18586545,453354,5845,Black Desert Online
2022-10-16,RetroGamingLiveTV,English,Novato,175170,125,25316550,240916,39784,Retro
2022-10-16,Elajjaz,English,Experto,148785,5185,782636835,14184358,351192,Dark Souls III
2022-10-16,x5_PiG,English,Avanzado,91845,542,51654375,1090939,76510,StarCraft II
2022-10-16,MFAMGauntlet,English,Aficionado,2535,11015,25669020,2081552,23541,Call Of Duty: Modern Warfare
2022-10-17,loustreams,English,Novato,80625,320,31462650,673158,40355,Apex Legends
2022-10-17,pathofexilebota,Russian,Novato,114765,687,84780885,2476706,34894,Path of Exile
2022-10-17,Alem4oR6,Portuguese,Novato,47280,317,15782385,550226,56240,Tom Clancy
2022-10-17,LookinPlay,Russian,Novato,54015,277,15611625,1282951,56625,Animal Crossing: New Horizons
2022-10-17,PrivatePinguin,German,Aficionado,105030,436,50488515,4161804,20531,World of Warships
2022-10-17,marshallgreed,Russian,Aficionado,50700,158,9166245,43476,4491,Just Chatting
2022-10-17,Gwizmayne,English,Aficionado,160980,143,23428410,88311,10821,Call of Duty: Black Ops 4
2022-10-18,LuisOrmenoa27,Spanish,Avanzado,166110,274,53302830,4902662,80815,Garena Free Fire
2022-10-18,PimpCSGO,English,Experto,58815,1570,94510725,6744477,277403,Counter-Strike: Global Offensive
2022-10-18,ortoPilot,English,Novato,36915,390,15029640,778345,42869,Music
2022-10-18,즐디 (zledihs),Korean,Novato,109935,103,11309235,198179,28035,Hearthstone
2022-10-18,Shantao,German,Novato,100605,120,12315000,211226,50510,Teamfight Tactics
2022-10-18,학력평가 (gkrfurvudrk),Korean,Aficionado,97890,174,17184900,395957,6580,Heroes of the Storm
2022-10-18,Captain_Falcore,English,Avanzado,39285,610,25781070,457100,60709,Sea of Thieves
2022-10-18,DadoschYT,German,Aficionado,48840,212,10338510,239871,11686,Slots
2022-10-18,Jameskii,English,Experto,49695,479,24402270,825384,293923,Just Chatting
2022-10-18,unVett,Portuguese,Novato,60165,164,10576440,287153,37910,VALORANT
2022-10-18,Matififa_90,Spanish,Aficionado,57075,292,18289935,271456,23932,FIFA 20
2022-10-19,MANTARRAYA,Spanish,Novato,122535,278,38181555,1274378,55777,League of Legends
2022-10-19,Lukwer,Spanish,Novato,126135,151,18685155,609401,56290,League of Legends
2022-10-19,aminematue,French,Avanzado,40290,3623,148613805,2630093,133294,Grand Theft Auto V
2022-10-19,Jay3,English,Experto,170910,1370,241894365,3962830,217347,Overwatch
2022-10-19,NiceNicca,English,Novato,35220,218,18453540,208973,48801,VALORANT
2022-10-19,keny500,Spanish,Aficionado,80220,232,20010195,2602191,15039,iRacing
2022-10-20,Synq,English,Novato,86280,356,32142495,554802,36311,Old School RuneScape
2022-10-20,Nathanias,English,Avanzado,84915,138,11804730,309177,77275,StarCraft II
2022-10-20,Crownsh0t,English,Novato,11040,922,10731585,372440,41373,League of Legends
2022-10-20,NS_4RT,Portuguese,Novato,142035,352,54601665,1264771,26077,Dota 2
2022-10-20,MLDEG,French,Novato,78360,474,37902510,685955,54518,Minecraft
2022-10-20,alienato90,Italian,Aficionado,113430,76,9306405,258857,11649,Escape From Tarkov
2022-10-20,Froggen,English,Experto,32415,2915,98928390,2565987,764941,League of Legends
2022-10-20,TeeGrizzley,English,Avanzado,48645,408,21498510,324609,121913,Call Of Duty: Modern Warfare
2022-10-20,DrDisrespect,English,Experto,59415,25075,1575638895,35821742,4450718,Call Of Duty: Modern Warfare
2022-10-21,Medved_ede,Russian,Aficionado,112575,343,39907965,2729064,22399,League of Legends
2022-10-21,1stscrimer,Russian,Novato,57420,86,12003945,241243,26155,VALORANT
2022-10-21,IMHansNiemann,English,Novato,55545,592,38415180,1719192,56511,Chess
2022-10-21,Jaee,English,Avanzado,86850,259,22399140,369190,89007,Dead by Daylight
2022-10-21,StereOnline,Portuguese,Experto,433350,825,364316700,4951338,333497,Just Chatting
2022-10-21,TdUpGolf,English,Aficionado,555,29833,17672865,8644664,1347,Fitness & Health
2022-10-21,its_WiKeD,English,Novato,125970,173,22668570,416739,33497,Apex Legends
2022-10-21,Woodszin,Portuguese,Avanzado,22965,389,10367460,441284,138597,Just Chatting
2022-10-21,tinowns,Portuguese,Avanzado,4905,3960,18568530,624987,123483,League of Legends
2022-10-21,YuraNpt,Portuguese,Aficionado,31020,342,10274760,198457,12885,FIFA 20
2022-10-21,Charming_Jo,Korean,Experto,87210,605,48722610,2247038,301905,Music
2022-10-22,Mobuckets,English,Avanzado,99075,473,48198480,401965,76180,NBA 2K20
2022-10-22,pubgmobile,English,Avanzado,63705,647,56201295,14339767,81236,PUBG Mobile
2022-10-22,idreau_,French,Aficionado,29010,423,11581950,258139,23519,iRacing
2022-10-22,Mapke,Russian,Experto,30240,1777,60948570,3546798,208156,Just Chatting
2022-10-22,MissaSinfonia,Spanish,Experto,2205,16931,37438845,697371,708858,Just Chatting
2022-10-22,esbfifa3,Russian,Aficionado,151230,148,23787840,6161097,3828,FIFA 20
2022-10-22,Gladoop,Spanish,Avanzado,88590,250,22254300,2389749,64622,Fortnite
2022-10-22,Aphostle,English,Experto,164805,163,30344190,3137273,171210,ARK: Survival Evolved
2022-10-22,Polecat324,English,Experto,18105,1641,30002835,407537,234164,Grand Theft Auto V
2022-10-22,ShikokuJin,Italian,Avanzado,83085,141,12059130,485980,136482,Fortnite
2022-10-23,Lege,French,Novato,112860,508,58380135,1896638,50107,Sid Meier
2022-10-23,RedBeard,English,Novato,157545,332,53282370,565699,26302,Hearthstone
2022-10-23,Gaara,English,Avanzado,106860,241,28372530,380777,85600,Legends of Runeterra
2022-10-23,nwslofficial2,English,Aficionado,4185,6846,29141970,7096770,23918,Fitness & Health
2022-10-23,YoDaTV,English,Aficionado,73545,162,13372200,521287,21771,World of Warcraft
2022-10-23,yueko,English,Novato,37020,279,10918500,668720,30298,Art
2022-10-23,DoctorBenjy,English,Novato,37050,743,30745260,399670,39664,Football Manager 2020
2022-10-23,ChicoFilo,English,Avanzado,67500,634,55071600,742605,133135,NBA 2K20
2022-10-23,Deisik,English,Aficionado,118305,239,30851595,595827,16890,Teamfight Tactics
2022-10-23,기뮨디 (myyondi),Korean,Novato,86715,167,14941770,699599,26635,Just Chatting
2022-10-24,Cheesur,English,Avanzado,49605,991,60177840,621638,90070,NBA 2K20
2022-10-24,SC2ShoWTimE,English,Aficionado,17565,530,9363420,238089,16464,StarCraft II
2022-10-24,으음㈜ (nrmtzv),Korean,Aficionado,231465,250,58394235,962269,17499,Just Chatting
2022-10-24,Robnic,German,Avanzado,27960,777,23180220,758316,127224,Fortnite
2022-10-24,warchiwar,Spanish,Avanzado,75630,612,50958570,1168705,121230,SMITE
2022-10-24,yosoydamasotv,Spanish,Aficionado,93990,100,12231165,1807499,13279,Garena Free Fire
2022-10-24,DooleyNotedGaming,English,Avanzado,44745,788,38800215,649423,139797,Fall Guys: Ultimate Knockout
2022-10-24,동네형이한다 (madkof_kof),Korean,Aficionado,152475,269,40336650,854212,12263,The King of Fighters 2000
2022-10-25,Morf_,English,Avanzado,111915,742,82640835,1987521,83832,Dead by Daylight
2022-10-25,gouvy10,Portuguese,Aficionado,30090,303,10195215,264940,20245,FIFA 20
2022-10-25,앰비션_ (lol_ambition),Korean,Experto,105900,4824,533780130,15896844,382459,League of Legends
2022-10-25,Syndicate,English,Experto,71970,3951,310150050,13189498,3009750,Call Of Duty: Modern Warfare
2022-10-25,tcleantv,English,Aficionado,81015,100,9359760,130301,20922,Call Of Duty: Modern Warfare
2022-10-25,더빛남 (the_beat_nam),Korean,Novato,96420,118,12378255,312511,35603,Just Chatting
2022-10-25,Sheriff_LIVE,Russian,Aficionado,117075,129,20120865,369516,10724,Escape From Tarkov
2022-10-25,HerrDekay,German,Novato,69405,401,29735310,578756,44141,Science & Technology
2022-10-25,CeeCee_Lia,English,Novato,65625,265,18176850,554916,39326,Hearthstone
2022-10-26,loud_crusher,Portuguese,Experto,4065,2171,9377340,222960,177454,Garena Free Fire
2022-10-26,rocco,Portuguese,Aficionado,126405,85,11484270,464266,5162,Ragnarok Online
2022-10-26,Sloot,English,Experto,207735,1143,237160590,5537958,212923,World of Warcraft
2022-10-26,HoolyganNZRV,Russian,Novato,34020,823,29042715,1288620,26486,Tom Clancy
2022-10-26,Hctuan,French,Avanzado,70125,486,39637005,799126,101956,Animal Crossing: New Horizons
2022-10-26,yoslayer0,Spanish,Novato,20430,445,9567840,122194,36406,Fortnite
2022-10-27,conragen,Spanish,Avanzado,69255,448,32328000,516596,61498,FIFA 20
2022-10-27,nanerboots,English,Avanzado,43470,224,10232040,682189,67110,Just Chatting
2022-10-27,B_U_L_O_C_H_K_A,Russian,Experto,102975,529,55252500,4353815,164905,Just Chatting
2022-10-27,MikeMateiLive,English,Novato,55695,407,24267420,491565,48550,Retro
2022-10-27,oCastrin,Portuguese,Experto,81630,936,91458015,3729023,270542,Fortnite
2022-10-27,k4t4n4,Russian,Novato,61245,254,17686245,459117,32750,Just Chatting
2022-10-27,purpgamingg,English,Aficionado,52185,153,9406200,2312289,10571,Fortnite
2022-10-28,cidcidoso,Portuguese,Experto,49305,2237,115691250,4993567,191387,Just Chatting
2022-10-28,Pieface23,English,Experto,94770,2310,219131355,2206378,251467,FIFA 20
2022-10-28,CauthonTV,Russian,Novato,111555,111,12748065,438454,35762,World of Warcraft
2022-10-28,식칼_ (xyzzyshift),Korean,Aficionado,126030,149,19328040,489826,10574,Granblue Fantasy: Versus
2022-10-28,THINND,English,Novato,51840,532,28160010,190801,49174,Call Of Duty: Modern Warfare
2022-10-29,헤징 (hejin0_0),Korean,Avanzado,118800,1088,128802120,6146870,130634,League of Legends
2022-10-29,TDS_Chris,English,Novato,21615,466,10140525,236115,51439,Monster Hunter: World
2022-10-29,Rumiin,Spanish,Novato,126750,277,37379325,3465790,48557,Pokémon Sword/Shield
2022-10-29,juzcook,English,Novato,52080,405,21375645,670642,42349,Super Mario Maker 2
2022-10-29,그냥김하늘 (inihance),Korean,Aficionado,82770,107,9312090,297207,9481,Just Chatting
2022-10-29,ZeplaHQ,English,Novato,53370,414,22596255,547661,48787,FINAL FANTASY XIV Online
2022-10-29,kaquka,Spanish,Avanzado,41745,754,37547940,2154390,92472,VALORANT
2022-10-29,홍차 (redtea),Korean,Avanzado,77040,394,27851490,1682869,68990,Hearthstone
2022-10-29,HeroesHearth,English,Aficionado,43980,232,9268530,221044,15674,Heroes of the Storm
2022-10-29,gamelifeow,Russian,Experto,97200,1712,230629965,8641800,239990,Overwatch
2022-10-29,Dimitri,English,Novato,48945,175,9144690,117967,31959,Red Dead Redemption 2
2022-10-29,Kaytlien,German,Experto,102630,293,29884905,982276,188408,
2022-10-30,Starladder11,Russian,Avanzado,2880,2968,9671925,632742,77011,Counter-Strike: Global Offensive
2022-10-30,Faker,Korean,Experto,18195,30541,547683195,30123805,2858381,League of Legends
2022-10-30,mipo_mapo_meepo,Russian,Novato,48000,223,10853145,207735,29296,Dota 2
2022-10-30,Aphostle,English,Experto,164805,163,30344190,3137273,171210,ARK: Survival Evolved
2022-10-30,theheelg_,English,Aficionado,144675,122,18834165,137345,7144,Sports
2022-10-30,Alderiate,French,Experto,68955,3116,213507300,5141590,333918,Path of Exile
2022-10-30,dropoutlive,English,Avanzado,9825,1095,11164785,200030,63667,Dungeons & Dragons
2022-10-30,클레이1 (asa0921),Korean,Novato,74595,339,24584610,783245,28081,League of Legends
